<ImportExportXml version="9.2.24092.184" SolutionPackageVersion="9.2" languagecode="1043" generatedBy="CrmLive" xmlns:xsi="http://www.w3.org/2001/XMLSchema-instance" OrganizationVersion="9.2.24092.184" OrganizationSchemaType="Standard" CRMServerServiceabilityVersion="9.2.24093.00198">
  <SolutionManifest>
    <UniqueName>PowerAutomateErrorHandling</UniqueName>
    <LocalizedNames>
      <LocalizedName description="PowerAutomateErrorHandling" languagecode="1043" />
    </LocalizedNames>
    <Descriptions />
    <Version>1.0.0.0</Version>
    <Managed>0</Managed>
    <Publisher>
      <UniqueName>Ordina</UniqueName>
      <LocalizedNames>
        <LocalizedName description="Ordina" languagecode="1043" />
      </LocalizedNames>
      <Descriptions />
      <EMailAddress xsi:nil="true"></EMailAddress>
      <SupportingWebsiteUrl xsi:nil="true"></SupportingWebsiteUrl>
      <CustomizationPrefix>ord</CustomizationPrefix>
      <CustomizationOptionValuePrefix>88529</CustomizationOptionValuePrefix>
      <Addresses>
        <Address>
          <AddressNumber>1</AddressNumber>
          <AddressTypeCode>1</AddressTypeCode>
          <City xsi:nil="true"></City>
          <County xsi:nil="true"></County>
          <Country xsi:nil="true"></Country>
          <Fax xsi:nil="true"></Fax>
          <FreightTermsCode xsi:nil="true"></FreightTermsCode>
          <ImportSequenceNumber xsi:nil="true"></ImportSequenceNumber>
          <Latitude xsi:nil="true"></Latitude>
          <Line1 xsi:nil="true"></Line1>
          <Line2 xsi:nil="true"></Line2>
          <Line3 xsi:nil="true"></Line3>
          <Longitude xsi:nil="true"></Longitude>
          <Name xsi:nil="true"></Name>
          <PostalCode xsi:nil="true"></PostalCode>
          <PostOfficeBox xsi:nil="true"></PostOfficeBox>
          <PrimaryContactName xsi:nil="true"></PrimaryContactName>
          <ShippingMethodCode>1</ShippingMethodCode>
          <StateOrProvince xsi:nil="true"></StateOrProvince>
          <Telephone1 xsi:nil="true"></Telephone1>
          <Telephone2 xsi:nil="true"></Telephone2>
          <Telephone3 xsi:nil="true"></Telephone3>
          <TimeZoneRuleVersionNumber xsi:nil="true"></TimeZoneRuleVersionNumber>
          <UPSZone xsi:nil="true"></UPSZone>
          <UTCOffset xsi:nil="true"></UTCOffset>
          <UTCConversionTimeZoneCode xsi:nil="true"></UTCConversionTimeZoneCode>
        </Address>
        <Address>
          <AddressNumber>2</AddressNumber>
          <AddressTypeCode>1</AddressTypeCode>
          <City xsi:nil="true"></City>
          <County xsi:nil="true"></County>
          <Country xsi:nil="true"></Country>
          <Fax xsi:nil="true"></Fax>
          <FreightTermsCode xsi:nil="true"></FreightTermsCode>
          <ImportSequenceNumber xsi:nil="true"></ImportSequenceNumber>
          <Latitude xsi:nil="true"></Latitude>
          <Line1 xsi:nil="true"></Line1>
          <Line2 xsi:nil="true"></Line2>
          <Line3 xsi:nil="true"></Line3>
          <Longitude xsi:nil="true"></Longitude>
          <Name xsi:nil="true"></Name>
          <PostalCode xsi:nil="true"></PostalCode>
          <PostOfficeBox xsi:nil="true"></PostOfficeBox>
          <PrimaryContactName xsi:nil="true"></PrimaryContactName>
          <ShippingMethodCode>1</ShippingMethodCode>
          <StateOrProvince xsi:nil="true"></StateOrProvince>
          <Telephone1 xsi:nil="true"></Telephone1>
          <Telephone2 xsi:nil="true"></Telephone2>
          <Telephone3 xsi:nil="true"></Telephone3>
          <TimeZoneRuleVersionNumber xsi:nil="true"></TimeZoneRuleVersionNumber>
          <UPSZone xsi:nil="true"></UPSZone>
          <UTCOffset xsi:nil="true"></UTCOffset>
          <UTCConversionTimeZoneCode xsi:nil="true"></UTCConversionTimeZoneCode>
        </Address>
      </Addresses>
    </Publisher>
    <RootComponents>
      <RootComponent type="1" schemaName="ord_flow" behavior="0" />
      <RootComponent type="1" schemaName="ord_flowerrorlog" behavior="0" />
      <RootComponent type="29" id="{06004215-000b-ef11-9f89-000d3a4ab4cf}" behavior="0" />
      <RootComponent type="29" id="{6fc524b0-c3f8-ee11-a1fe-000d3a4ab4cf}" behavior="0" />
      <RootComponent type="29" id="{ec5683ac-f40a-ef11-9f89-000d3a4ab4cf}" behavior="0" />
    </RootComponents>
    <MissingDependencies>
      <MissingDependency>
        <Required type="66" schemaName="MscrmControls.RichTextEditor.RichTextEditorControl" displayName="MscrmControls.RichTextEditor.RichTextEditorControl" solution="msdyn_RichTextEditor (1.0.0.3821)" />
        <Dependent type="60" displayName="Informatie" parentDisplayName="Flow Error Log" id="{f51eed7d-5aa7-4210-9f74-d53db9cb5360}" />
      </MissingDependency>
      <MissingDependency>
        <Required type="90" schemaName="ErrorHandlingSolution.ProcessError, ErrorHandlingSolution, Version=1.0.0.0, Culture=neutral, PublicKeyToken=9ca104a463974bf8" displayName="ErrorHandlingSolution.ProcessError" solution="Active" id="{8dcec15d-51b3-4277-a681-822c75d66eb5}" />
        <Dependent type="29" displayName="ProcessError" id="{ec5683ac-f40a-ef11-9f89-000d3a4ab4cf}" />
      </MissingDependency>
      <MissingDependency>
        <Required type="connectionreference" displayName="cr2ea_DataverseGlenn" solution="Active" id.connectionreferencelogicalname="cr2ea_DataverseGlenn" />
        <Dependent type="29" displayName="Test 2 - ErrorHandling" id="{06004215-000b-ef11-9f89-000d3a4ab4cf}" />
      </MissingDependency>
      <MissingDependency>
        <Required type="connectionreference" displayName="cr2ea_DataverseGlenn" solution="Active" id.connectionreferencelogicalname="cr2ea_DataverseGlenn" />
        <Dependent type="29" displayName="Test - ErrorHandling" id="{6fc524b0-c3f8-ee11-a1fe-000d3a4ab4cf}" />
      </MissingDependency>
    </MissingDependencies>
  </SolutionManifest>
</ImportExportXml>