<ImportExportXml xmlns:xsi="http://www.w3.org/2001/XMLSchema-instance" OrganizationVersion="9.2.24111.216" OrganizationSchemaType="Standard" CRMServerServiceabilityVersion="9.2.24112.00214">
  <Entities></Entities>
  <Roles></Roles>
  <Workflows>
    <Workflow WorkflowId="{8246670d-4db9-ef11-b8e8-6045bd92d0c4}" Name="Regex - IsMatch" Description="Will check if a string with a RegEx and return a boolean wether or not the string matches">
      <XamlFileName>/Workflows/Regex-IsMatch-8246670D-4DB9-EF11-B8E8-6045BD92D0C4.xaml</XamlFileName>
      <Type>1</Type>
      <Subprocess>0</Subprocess>
      <Category>3</Category>
      <Mode>0</Mode>
      <Scope>4</Scope>
      <OnDemand>0</OnDemand>
      <TriggerOnCreate>0</TriggerOnCreate>
      <TriggerOnDelete>0</TriggerOnDelete>
      <AsyncAutodelete>0</AsyncAutodelete>
      <SyncWorkflowLogOnFailure>1</SyncWorkflowLogOnFailure>
      <StateCode>1</StateCode>
      <StatusCode>2</StatusCode>
      <CreateStage>40</CreateStage>
      <RunAs>1</RunAs>
      <SdkMessageId>{8346670d-4db9-ef11-b8e8-6045bd92d0c4}</SdkMessageId>
      <UniqueName>RegexIsMatch</UniqueName>
      <IsTransacted>1</IsTransacted>
      <IntroducedVersion>1.0.0.0</IntroducedVersion>
      <IsCustomizable>1</IsCustomizable>
      <BusinessProcessType>0</BusinessProcessType>
      <FormId>{00000000-0000-0000-0000-000000000000}</FormId>
      <IsCustomProcessingStepAllowedForOtherPublishers>1</IsCustomProcessingStepAllowedForOtherPublishers>
      <PrimaryEntity>none</PrimaryEntity>
      <LocalizedNames>
        <LocalizedName languagecode="1033" description="Regex - IsMatch" />
      </LocalizedNames>
      <Descriptions>
        <Description languagecode="1033" description="Will check if a string with a RegEx and return a boolean wether or not the string matches" />
      </Descriptions>
    </Workflow>
    <Workflow WorkflowId="{d386088b-4db9-ef11-b8e8-6045bd92d0c4}" Name="RegEx - GetMatches" Description="Checks a string against a RegEx and returns the matches (and groups) in Json format">
      <XamlFileName>/Workflows/RegEx-GetMatches-D386088B-4DB9-EF11-B8E8-6045BD92D0C4.xaml</XamlFileName>
      <Type>1</Type>
      <Subprocess>0</Subprocess>
      <Category>3</Category>
      <Mode>0</Mode>
      <Scope>4</Scope>
      <OnDemand>0</OnDemand>
      <TriggerOnCreate>0</TriggerOnCreate>
      <TriggerOnDelete>0</TriggerOnDelete>
      <AsyncAutodelete>0</AsyncAutodelete>
      <SyncWorkflowLogOnFailure>1</SyncWorkflowLogOnFailure>
      <StateCode>1</StateCode>
      <StatusCode>2</StatusCode>
      <CreateStage>40</CreateStage>
      <RunAs>1</RunAs>
      <SdkMessageId>{d486088b-4db9-ef11-b8e8-6045bd92d0c4}</SdkMessageId>
      <UniqueName>RegExGetMatches</UniqueName>
      <IsTransacted>1</IsTransacted>
      <IntroducedVersion>1.0.0.0</IntroducedVersion>
      <IsCustomizable>1</IsCustomizable>
      <BusinessProcessType>0</BusinessProcessType>
      <FormId>{00000000-0000-0000-0000-000000000000}</FormId>
      <IsCustomProcessingStepAllowedForOtherPublishers>1</IsCustomProcessingStepAllowedForOtherPublishers>
      <PrimaryEntity>none</PrimaryEntity>
      <LocalizedNames>
        <LocalizedName languagecode="1033" description="RegEx - GetMatches" />
      </LocalizedNames>
      <Descriptions>
        <Description languagecode="1033" description="Checks a string against a RegEx and returns the matches (and groups) in Json format" />
      </Descriptions>
    </Workflow>
  </Workflows>
  <FieldSecurityProfiles></FieldSecurityProfiles>
  <Templates />
  <EntityMaps />
  <EntityRelationships />
  <OrganizationSettings />
  <optionsets />
  <CustomControls />
  <SolutionPluginAssemblies>
    <PluginAssembly FullName="PowerAutomateExtensions, Version=1.0.0.0, Culture=neutral, PublicKeyToken=27886f3d0966cfd0" PluginAssemblyId="564679e9-c9bf-4b85-8089-c87c07ec3b2e" CustomizationLevel="1">
      <IsolationMode>2</IsolationMode>
      <SourceType>0</SourceType>
      <IntroducedVersion>1.0</IntroducedVersion>
      <FileName>/PluginAssemblies/PowerAutomateExtensions-564679E9-C9BF-4B85-8089-C87C07EC3B2E/PowerAutomateExtensions.dll</FileName>
      <PluginTypes>
        <PluginType AssemblyQualifiedName="PowerAutomateExtensions.Extensions.RegEx.GetMatches, PowerAutomateExtensions, Version=1.0.0.0, Culture=neutral, PublicKeyToken=27886f3d0966cfd0" PluginTypeId="daf9d644-6f47-44ea-a477-219e1c6fa176" Name="PowerAutomateExtensions.Extensions.RegEx.GetMatches">
          <FriendlyName>7f8bdfc8-175d-4a14-a80d-74b7fccaa22b</FriendlyName>
          <WorkflowActivityGroupName>PowerAutomateExtensions (1.0.0.0)</WorkflowActivityGroupName>
        </PluginType>
        <PluginType AssemblyQualifiedName="PowerAutomateExtensions.Extensions.RegEx.RegExIsMatch, PowerAutomateExtensions, Version=1.0.0.0, Culture=neutral, PublicKeyToken=27886f3d0966cfd0" PluginTypeId="83382b23-bd47-4b4b-8ecd-46bb0f75879f" Name="PowerAutomateExtensions.Extensions.RegEx.RegExIsMatch">
          <FriendlyName>51c4cc14-b1f2-46a6-8ab9-211c029cf4f3</FriendlyName>
          <WorkflowActivityGroupName>PowerAutomateExtensions (1.0.0.0)</WorkflowActivityGroupName>
        </PluginType>
      </PluginTypes>
    </PluginAssembly>
  </SolutionPluginAssemblies>
  <EntityDataProviders />
  <Languages>
    <Language>1033</Language>
  </Languages>
</ImportExportXml>