{
  "properties": {
    "connectionReferences": {
      "shared_teams_1": {
        "runtimeSource": "embedded",
        "connection": {
          "connectionReferenceLogicalName": "tsaglb_sharedteams_2910e"
        },
        "api": {
          "name": "shared_teams"
        }
      },
      "shared_onedriveforbusiness_2": {
        "runtimeSource": "embedded",
        "connection": {
          "connectionReferenceLogicalName": "tsaglb_sharedonedriveforbusiness_96d37"
        },
        "api": {
          "name": "shared_onedriveforbusiness"
        }
      },
      "shared_office365": {
        "runtimeSource": "embedded",
        "connection": {
          "connectionReferenceLogicalName": "tsaglb_sharedoffice365_45cb3"
        },
        "api": {
          "name": "shared_office365"
        }
      },
      "shared_office365_1": {
        "runtimeSource": "embedded",
        "connection": {
          "connectionReferenceLogicalName": "tsaglb_sharedoffice365_12893"
        },
        "api": {
          "name": "shared_office365"
        }
      }
    },
    "definition": {
      "$schema": "https://schema.management.azure.com/providers/Microsoft.Logic/schemas/2016-06-01/workflowdefinition.json#",
      "contentVersion": "1.0.0.0",
      "parameters": {
        "$connections": {
          "defaultValue": {},
          "type": "Object"
        },
        "$authentication": {
          "defaultValue": {},
          "type": "SecureObject"
        }
      },
      "triggers": {
        "When_a_new_email_arrives_(V3)": {
          "splitOn": "@triggerOutputs()?['body/value']",
          "metadata": {
            "operationMetadataId": "cd7a27ab-fc20-4109-9f9d-1deb1f37e1be"
          },
          "type": "OpenApiConnectionNotification",
          "inputs": {
            "host": {
              "connectionName": "shared_office365_1",
              "operationId": "OnNewEmailV3",
              "apiId": "/providers/Microsoft.PowerApps/apis/shared_office365"
            },
            "parameters": {
              "folderPath": "Inbox",
              "includeAttachments": true,
              "subjectFilter": "Timesheet",
              "importance": "Any",
              "fetchOnlyWithAttachment": true
            },
            "authentication": "@parameters('$authentication')"
          }
        }
      },
      "actions": {
        "Post_adaptive_card_and_wait_for_a_response": {
          "runAfter": {
            "Create_file_-_Create_timesheet": [
              "Succeeded"
            ]
          },
          "metadata": {
            "operationMetadataId": "d8d6a7c8-0871-4fe1-8b71-7b672e4772e8"
          },
          "type": "OpenApiConnectionWebhook",
          "inputs": {
            "host": {
              "connectionName": "shared_teams_1",
              "operationId": "PostCardAndWaitForResponse",
              "apiId": "/providers/Microsoft.PowerApps/apis/shared_teams"
            },
            "parameters": {
              "poster": "Flow bot",
              "location": "Chat with Flow bot",
              "body/body/messageBody": "{\n    \"type\": \"AdaptiveCard\",\n    \"$schema\": \"http://adaptivecards.io/schemas/adaptive-card.json\",\n    \"version\": \"1.2\",\n    \"body\": [\n        {\n            \"type\": \"TextBlock\",\n            \"text\": \"You received a new timesheet\",\n            \"wrap\": true,\n            \"id\": \"title\",\n            \"style\": \"heading\",\n            \"fontType\": \"Default\",\n            \"size\": \"Large\",\n            \"weight\": \"Bolder\"\n        },\n        {\n            \"type\": \"ColumnSet\",\n            \"columns\": [\n                {\n                    \"type\": \"Column\",\n                    \"width\": \"stretch\",\n                    \"items\": [\n                        {\n                            \"type\": \"ColumnSet\",\n                            \"columns\": [\n                                {\n                                    \"type\": \"Column\",\n                                    \"width\": \"stretch\",\n                                    \"items\": [\n                                        {\n                                            \"type\": \"TextBlock\",\n                                            \"text\": \"From:\",\n                                            \"wrap\": true,\n                                            \"id\": \"fromlbl\"\n                                        }\n                                    ]\n                                },\n                                {\n                                    \"type\": \"Column\",\n                                    \"width\": \"stretch\",\n                                    \"items\": [\n                                        {\n                                            \"type\": \"TextBlock\",\n                                            \"text\": \"@{triggerOutputs()?['body/from']}\",\n                                            \"wrap\": true,\n                                            \"id\": \"fromevalue\"\n                                        }\n                                    ]\n                                }\n                            ]\n                        }\n                    ]\n                }\n            ],\n            \"id\": \"fromcolumn\"\n        },\n        {\n            \"type\": \"ColumnSet\",\n            \"columns\": [\n                {\n                    \"type\": \"Column\",\n                    \"width\": \"stretch\",\n                    \"items\": [\n                        {\n                            \"type\": \"TextBlock\",\n                            \"text\": \"Received on:\",\n                            \"wrap\": true,\n                            \"id\": \"receivedlbl\"\n                        }\n                    ]\n                },\n                {\n                    \"type\": \"Column\",\n                    \"width\": \"stretch\",\n                    \"items\": [\n                        {\n                            \"type\": \"TextBlock\",\n                            \"text\": \"@{triggerOutputs()?['body/receivedDateTime']}\",\n                            \"wrap\": true,\n                            \"id\": \"receivedonvalue\"\n                        }\n                    ]\n                }\n            ]\n        },\n        {\n            \"type\": \"ColumnSet\",\n            \"columns\": [\n                {\n                    \"type\": \"Column\",\n                    \"width\": \"stretch\",\n                    \"items\": [\n                        {\n                            \"type\": \"TextBlock\",\n                            \"text\": \"Subject:\",\n                            \"wrap\": true,\n                            \"id\": \"subjectlbl\"\n                        }\n                    ]\n                },\n                {\n                    \"type\": \"Column\",\n                    \"width\": \"stretch\",\n                    \"items\": [\n                        {\n                            \"type\": \"TextBlock\",\n                            \"text\": \"@{triggerOutputs()?['body/subject']}\",\n                            \"wrap\": true,\n                            \"id\": \"subjectvalue\"\n                        }\n                    ]\n                }\n            ]\n        },\n        {\n            \"type\": \"TextBlock\",\n            \"text\": \"Attachment:\",\n            \"wrap\": true,\n            \"id\": \"attachmentlbl\"\n        },\n        {\n            \"type\": \"TextBlock\",\n            \"text\": \"@{first(triggerOutputs()?['body/attachments'])['name']}\",\n            \"wrap\": true,\n            \"id\": \"url\"\n        },\n        {\n            \"type\": \"ColumnSet\",\n            \"columns\": [\n                {\n                    \"type\": \"Column\",\n                    \"width\": \"stretch\",\n                    \"items\": [\n                        {\n                            \"type\": \"TextBlock\",\n                            \"text\": \"Send it to:\",\n                            \"wrap\": true,\n                            \"spacing\": \"ExtraLarge\",\n                            \"id\": \"sendtolbl\"\n                        }\n                    ]\n                },\n                {\n                    \"type\": \"Column\",\n                    \"width\": \"stretch\",\n                    \"items\": [\n                        {\n                            \"type\": \"TextBlock\",\n                            \"text\": \"@{variables('Receiver')}\",\n                            \"wrap\": true,\n                            \"id\": \"sendtovalue\"\n                        }\n                    ]\n                }\n            ]\n        },\n        {\n            \"type\": \"ColumnSet\",\n            \"columns\": [\n                {\n                    \"type\": \"Column\",\n                    \"width\": \"stretch\",\n                    \"items\": [\n                        {\n                            \"type\": \"TextBlock\",\n                            \"text\": \"Suggested subject:\",\n                            \"wrap\": true,\n                            \"separator\": true\n                        }\n                    ]\n                },\n                {\n                    \"type\": \"Column\",\n                    \"width\": \"stretch\",\n                    \"items\": [\n                        {\n                            \"type\": \"TextBlock\",\n                            \"text\": \"@{triggerOutputs()?['body/subject']}\",\n                            \"wrap\": true\n                        }\n                    ]\n                }\n            ],\n            \"separator\": true,\n            \"spacing\": \"ExtraLarge\"\n        },\n        {\n            \"type\": \"TextBlock\",\n            \"text\": \"Body:\",\n            \"wrap\": true\n        },\n        {\n            \"type\": \"RichTextBlock\",\n            \"inlines\": [\n                {\n                    \"type\": \"TextRun\",\n                    \"text\": \"@{variables('EmailBody')}\"\n                }\n            ]\n        },\n        {\n            \"type\": \"TextBlock\",\n            \"text\": \"Send the email?\",\n            \"wrap\": true,\n            \"separator\": true,\n            \"spacing\": \"ExtraLarge\"\n        },\n       {\n            \"type\": \"ActionSet\",\n            \"actions\": [\n                {\n                    \"type\": \"Action.Submit\",\n                    \"title\": \"Yes, send it\",\n                    \"id\": \"yes\",\n                    \"data\": 1\n                },\n                {\n                    \"type\": \"Action.Submit\",\n                    \"title\": \"No\",\n                    \"id\": \"no\",\n                    \"data\": 0,\n                    \"style\": \"positive\"\n                }\n            ],\n            \"horizontalAlignment\": \"Center\"\n        }\n    ]\n}",
              "body/body/updateMessage": "Your response is being processed, please wait.",
              "body/body/recipient/to": "@variables('TeamsCardReceiver')"
            },
            "authentication": "@parameters('$authentication')"
          }
        },
        "Create_file_-_Create_timesheet": {
          "runAfter": {
            "Initialize_OneDrivePath": [
              "Succeeded"
            ]
          },
          "metadata": {
            "operationMetadataId": "45d7e408-427a-4fa6-ab19-03ee81f442d2"
          },
          "type": "OpenApiConnection",
          "inputs": {
            "host": {
              "connectionName": "shared_onedriveforbusiness_2",
              "operationId": "CreateFile",
              "apiId": "/providers/Microsoft.PowerApps/apis/shared_onedriveforbusiness"
            },
            "parameters": {
              "folderPath": "@variables('OneDrivePath')",
              "name": "@first(triggerOutputs()?['body/attachments'])['name']",
              "body": "@first(triggerOutputs()?['body/attachments'])['contentBytes']"
            },
            "authentication": "@parameters('$authentication')"
          },
          "runtimeConfiguration": {
            "contentTransfer": {
              "transferMode": "Chunked"
            }
          }
        },
        "Initialize_Email_Body": {
          "runAfter": {
            "Initialize_Receiver": [
              "Succeeded"
            ]
          },
          "metadata": {
            "operationMetadataId": "26455477-e5b4-4b16-9539-b0eeea60fffe"
          },
          "type": "InitializeVariable",
          "inputs": {
            "variables": [
              {
                "name": "EmailBody",
                "type": "string",
                "value": "Hello <name>, <br>\n<br>\nPlease find the timesheet attached. <br>\nNote: This email was sent via a Power Automate Flow, should there be a problem with the content, do not hesitate to contact me.<br>\n<br>\nKind regards and wishing you a nice day,<br>\n<Your name>"
              }
            ]
          }
        },
        "Initialize_Receiver": {
          "runAfter": {},
          "metadata": {
            "operationMetadataId": "0f949854-ceb6-4728-9303-d266f15f542b"
          },
          "type": "InitializeVariable",
          "inputs": {
            "variables": [
              {
                "name": "Receiver",
                "type": "string",
                "value": "hr@email.test"
              }
            ]
          },
          "description": "Person to whom you need to send the timesheets"
        },
        "Initialize_TeamsReceiver": {
          "runAfter": {
            "Initialize_Email_Body": [
              "Succeeded"
            ]
          },
          "metadata": {
            "operationMetadataId": "14c5a256-48e1-4bbd-87a9-1d21cca83ddb"
          },
          "type": "InitializeVariable",
          "inputs": {
            "variables": [
              {
                "name": "TeamsCardReceiver",
                "type": "string",
                "value": "yourself@email.test"
              }
            ]
          },
          "description": "in which team chat you want to get the card"
        },
        "If_response_is_yes": {
          "actions": {
            "Send_Email_to_receiver": {
              "runAfter": {},
              "metadata": {
                "operationMetadataId": "689e8095-603f-4330-8958-bcc91d45cfdf"
              },
              "type": "OpenApiConnection",
              "inputs": {
                "host": {
                  "connectionName": "shared_office365",
                  "operationId": "SendEmailV2",
                  "apiId": "/providers/Microsoft.PowerApps/apis/shared_office365"
                },
                "parameters": {
                  "emailMessage/To": "@variables('Receiver')",
                  "emailMessage/Subject": "@triggerOutputs()?['body/subject']",
                  "emailMessage/Body": "<p>@{variables('EmailBody')}</p>",
                  "emailMessage/Attachments": [
                    {
                      "Name": "@first(triggerOutputs()?['body/attachments'])['name']",
                      "ContentBytes": "@first(triggerOutputs()?['body/attachments'])['contentBytes']"
                    }
                  ],
                  "emailMessage/Importance": "Normal"
                },
                "authentication": "@parameters('$authentication')"
              }
            },
            "Post_Email_has_been_sent": {
              "runAfter": {
                "Send_Email_to_receiver": [
                  "Succeeded"
                ]
              },
              "metadata": {
                "operationMetadataId": "6c3c511e-b072-4ab7-bb4a-13d9d02063ca"
              },
              "type": "OpenApiConnection",
              "inputs": {
                "host": {
                  "connectionName": "shared_teams_1",
                  "operationId": "PostMessageToConversation",
                  "apiId": "/providers/Microsoft.PowerApps/apis/shared_teams"
                },
                "parameters": {
                  "poster": "Flow bot",
                  "location": "Chat with Flow bot",
                  "body/recipient": "@{variables('TeamsCardReceiver')};",
                  "body/messageBody": "<p>The Email has been sent!</p>"
                },
                "authentication": "@parameters('$authentication')"
              }
            }
          },
          "runAfter": {
            "Post_adaptive_card_and_wait_for_a_response": [
              "Succeeded"
            ]
          },
          "else": {
            "actions": {
              "Post_Email_has_not_been_sent": {
                "runAfter": {},
                "metadata": {
                  "operationMetadataId": "03109985-975d-4280-a0ad-c99653192562"
                },
                "type": "OpenApiConnection",
                "inputs": {
                  "host": {
                    "connectionName": "shared_teams_1",
                    "operationId": "PostMessageToConversation",
                    "apiId": "/providers/Microsoft.PowerApps/apis/shared_teams"
                  },
                  "parameters": {
                    "poster": "Flow bot",
                    "location": "Chat with Flow bot",
                    "body/recipient": "@{variables('TeamsCardReceiver')};",
                    "body/messageBody": "<p>The email was <strong>not</strong> sent!</p>"
                  },
                  "authentication": "@parameters('$authentication')"
                }
              }
            }
          },
          "expression": {
            "equals": [
              "@outputs('Post_adaptive_card_and_wait_for_a_response')?['body/submitActionId']",
              "yes"
            ]
          },
          "metadata": {
            "operationMetadataId": "927d378f-978f-4bfa-a3a0-9a4de3065d6c"
          },
          "type": "If"
        },
        "Initialize_OneDrivePath": {
          "runAfter": {
            "Initialize_TeamsReceiver": [
              "Succeeded"
            ]
          },
          "metadata": {
            "operationMetadataId": "3d97e0a0-cc45-4d16-82ce-78e875ce4675"
          },
          "type": "InitializeVariable",
          "inputs": {
            "variables": [
              {
                "name": "OneDrivePath",
                "type": "string",
                "value": "/Documenten/D09/Timesheets"
              }
            ]
          },
          "description": "The path where you want to save the PDF's"
        }
      }
    },
    "templateName": ""
  },
  "schemaVersion": "1.0.0.0"
}